,index,1_G,2_Y,3_R,4_K,5_E,6_Q,7_E,8_R,9_L,10_G,11_I,12_P,13_Y,14_D,15_P,16_I,17_Q,18_W,19_S,20_T,21_D,22_Q,23_V,24_L,25_H,26_W,27_V,28_V,29_W,30_V,31_M,32_K,33_E,34_F,35_S,36_M,37_T,38_D,39_I,40_D,41_L,42_T,43_T,44_L,45_N,46_I,47_S,48_G,49_R,50_E,51_L,52_C,53_S,54_L,55_N,56_Q,57_E,58_D,59_F,60_F,61_Q,62_R,63_V,64_P,65_R,66_G,67_E,68_I,69_L,70_W,71_S,72_H,73_L,74_E,75_L,76_L,77_R,78_K,79_Y
0,A,-0.77308846,-2.0741243,-3.2002573,-3.3248587,-4.980749,-1.0022225,-3.2355757,-4.0307407,-3.633891,-3.4310493,-5.2278233,-2.2863503,3.1360703,-4.2725143,-2.5535097,0.94981766,-0.69534016,-9.011051,-2.8171024,-0.052041054,-1.792633,-3.7950468,-2.3443718,0.111515045,-0.21491241,-12.72298,-0.9478159,0.64596367,-7.305517,2.3097467,-0.7796526,-2.3521357,-5.5215235,-6.140996,-1.4109993,-4.817184,0.30912304,-3.7484665,-1.4700117,-2.514161,-1.5001936,-0.092048645,0.035574913,-3.344605,-1.4473372,-3.0132103,-1.866621,-6.2349854,-2.988614,-3.5933228,-7.9275727,-2.7569332,-0.12029934,-5.145688,-0.6249695,-2.01678,-4.9097633,-0.11034489,-5.4322777,0.05970764,-0.24494457,-3.8567438,0.14648438,-3.8423758,-2.1659098,-2.7977724,-3.9780111,-0.6963711,-5.5231895,-4.801788,-0.39299583,-3.7343583,-6.5022464,-5.056919,-1.8797779,-3.356533,-5.528267,-2.7009497,-0.5267863
1,C,-2.5604334,-2.0499392,-4.1369824,-5.162133,-7.76349,-1.0920482,-5.418842,-4.7973814,-4.2491207,-2.2322779,-6.827134,-5.19685,0.87404823,-6.062047,-3.7713242,0.18581486,-2.6086407,-6.6446257,-5.4476604,-2.605895,-5.499111,-5.02853,-3.4307108,-0.007762909,-1.5671892,-7.14937,-0.08164883,-0.44466972,-6.0681133,0.59647465,-1.1701021,-4.7910852,-7.9417634,-4.776704,-2.7916594,-3.7502337,-2.9567728,-5.7859163,-3.3686132,-4.267557,-3.7041063,-3.3715544,-1.8642721,-3.158413,-3.2595787,-2.3410883,-3.6111917,-8.808254,-4.903779,-6.6012516,-7.384059,0.0,-2.8259783,-4.1805305,-3.696086,-3.4149294,-7.7671523,-1.4674387,-2.4473858,-0.6635828,-1.7788916,-5.1251426,-1.9548159,-6.6154065,-2.5452633,-4.5352125,-6.3940887,-3.3458858,-5.301096,-3.330037,-2.9204502,-3.4905648,-5.338998,-6.3376126,-2.881301,-3.6760025,-4.5520153,-3.4609218,-0.8557987
2,D,0.38567543,-2.3611698,-3.5934296,-1.9846182,-2.6910582,-1.8939028,-1.404665,-4.0204372,-4.6592636,-1.4492598,-8.287971,-2.440092,2.2907171,0.0,-7.674927,-1.6572957,-0.5452318,-12.44183,0.39460754,-1.6795473,0.0,-0.01745224,-9.258482,-4.1687503,-1.4374905,-13.916682,-9.677458,1.1898184,-7.5431824,-5.9993925,-3.2834516,-1.3308792,-1.3908587,-8.2556715,0.87821674,-5.4558935,2.0829744,0.0,-5.872306,0.0,-6.5776258,0.6821575,0.23558426,-5.271929,-1.7787399,-7.8693457,-1.4999847,-6.3591413,-4.3759146,-1.4182634,-13.49658,-4.644432,-1.8299351,-9.735058,-1.294034,-4.0361156,-1.0581245,0.0,-10.731798,-3.3416548,-1.8494234,-5.0853558,-1.7875395,-2.7457762,-2.794158,-5.3372736,0.09199619,-3.913539,-12.97242,-8.21084,-0.5247717,-4.3244476,-12.537819,-0.7775202,-3.3748941,-10.103489,-7.9361506,-3.1653032,1.2439404
3,E,1.3886423,-2.2967362,-1.9193401,0.02462864,0.0,0.555604,0.0,-3.0723724,-3.0372276,-1.5016146,-6.3648415,-2.281479,2.5965166,-0.4962368,-8.78046,-2.1124606,-0.93419456,-13.995869,-0.49903584,-1.0671053,0.21827793,-1.3664474,-7.7046237,-3.3016758,-0.43908215,-17.162117,-9.295142,1.7086115,-10.713829,-5.291752,-1.1737509,-0.265213,0.0,-10.110078,0.7078905,-3.492362,2.2935352,-0.9578533,-4.939958,-0.82803917,-6.216249,0.7570677,0.43210125,-5.2466054,-2.275796,-7.2648215,-1.8734226,-5.7567577,-3.38,0.0,-10.486523,-3.964923,-0.74130726,-8.0063305,-1.5373421,-1.957221,0.0,0.24914551,-11.512896,-1.1516552,-1.842144,-2.9331932,-1.564662,-2.9217167,-3.227045,-6.059125,0.0,-3.2128496,-12.634183,-8.7849455,-0.3784294,-4.468696,-11.67666,0.0,-2.8582025,-9.087361,-6.5618024,-2.166829,1.6355209
4,F,0.15326595,1.0134907,-2.8834114,-4.0954084,-6.0813084,-2.2904034,-3.8191252,-4.341874,-1.3166008,-4.9775987,-1.6380215,-4.5140076,0.77673054,-4.724144,-1.4098558,1.767354,-0.69555473,-3.1371784,-5.48829,-2.7478185,-3.2009945,-4.6852255,-5.679919,-0.6640291,-1.3582163,-5.4936266,1.216073,0.332366,-1.5180159,-1.7257252,-1.8922243,-4.7587123,-7.2718487,0.0,-3.8124695,-0.6120987,-1.6228971,-5.4678755,-0.3282013,-4.295842,-0.593441,-2.0403385,-1.0457335,0.8110142,-4.726514,-0.017356873,-4.5651093,-10.154205,-4.2782383,-4.4777517,-1.8145285,-1.0922089,-1.7493181,-1.2620687,-2.4355145,-1.9230576,-5.721546,-0.9006014,0.0,0.0,-1.933012,-3.208951,-0.36703682,-4.351838,-3.5141196,-6.3864336,-5.1830645,-1.6292171,-0.9847908,-1.1344175,-1.8305426,-2.0514436,-0.6707039,-5.664884,-1.0582457,-1.3222809,-4.1839886,-2.2031946,0.3084545
5,G,0.0,-2.263513,-2.600213,-1.9393663,-4.930645,-0.3203745,-2.1373396,-3.2890148,-3.9904656,0.0,-6.855642,-2.1812544,4.2330275,-3.0372562,-5.5377054,0.5685625,-0.9120655,-8.406354,-0.9793701,-0.8322773,-1.6580458,-2.845643,-5.863208,-0.70419216,-0.41175938,-12.213696,-4.054153,1.5159845,-6.655404,-0.7494154,-0.97406006,-0.88226795,-4.7072487,-7.522892,1.3637257,-4.734878,0.7065172,-1.9645977,-4.222432,-2.1231642,-4.578858,0.592844,0.4398451,-4.3406215,-0.7605448,-4.37023,-0.75514317,0.0,-2.8938112,-2.714879,-10.163904,-2.296073,-0.027219772,-7.077384,-0.023402214,-2.5180283,-3.464654,-0.21318626,-8.273939,-1.1976919,0.3559456,-3.391529,-0.31381798,-2.9684877,-0.14222622,0.0,-2.326995,-3.1489882,-9.411547,-5.4834785,0.0446949,-4.4198327,-9.003977,-3.8939114,-2.969757,-6.341703,-5.4084983,-2.1333485,1.0038738
6,H,-0.84569263,-1.277627,-2.4434195,-2.509303,-4.945466,-1.4237719,-3.5210638,-2.5654345,-3.3196745,-0.8738985,-7.4061136,-2.814124,2.0945597,-3.0446873,-2.9584084,1.5388327,0.26585484,-7.8640947,-2.2779503,-0.7668791,-2.3455925,0.9219141,-8.173962,-0.23574734,0.0,-7.675395,-2.8988252,2.1738062,-4.370866,-3.311926,-2.6814537,-1.6949253,-4.3919544,-3.191328,-1.5169477,-4.6718063,-0.043963432,-2.8540916,-3.6211076,-1.6012907,-3.4113169,-0.30760384,0.09504604,-2.5858736,-1.2920847,-4.3779683,-2.4286451,-9.904704,-2.3611755,-3.4446745,-8.929449,-3.4139414,-0.5848017,-4.971313,-1.1956644,-0.54601574,-4.174878,-0.29977226,-5.561993,0.5509262,-0.26597595,-2.8805742,-2.0495272,-3.5029163,-1.7996597,-4.413644,-2.9120264,-3.017548,-8.040699,-1.9097815,-0.577075,0.0,-7.4150624,-3.4303608,-2.4913268,-6.0952544,-2.9575062,-1.7800255,0.66411877
7,I,-0.36317348,-1.3934097,-3.344016,-4.279001,-5.892975,-3.114987,-4.539562,-4.6582956,-3.0303717,-6.1859627,0.0,-5.246339,0.48438835,-5.560108,-2.9781637,0.0,-1.9243956,-9.646442,-5.3727245,-1.6192408,-3.9071035,-5.858698,-2.5656185,-0.20094681,-1.3783188,-12.91025,-0.80095863,-0.33522224,-8.349497,-0.6968527,-1.303709,-4.576743,-7.711377,-4.312216,-5.454575,-2.078186,-1.6465044,-6.4975286,0.0,-3.8151035,-0.74253273,-2.8223438,-1.6245451,-2.179945,-4.8817906,0.0,-3.6070323,-12.525046,-4.443615,-5.215455,-4.3364954,-2.1864586,-1.9047518,-2.2112255,-2.3727322,-2.3102942,-6.710163,-0.9368849,-3.088697,0.6417875,-2.4923487,-3.498063,-0.8221941,-5.557454,-4.8208494,-8.736692,-6.4873714,0.0,-2.1411638,-5.277354,-2.5718222,-3.2848592,-3.0106287,-6.7888584,-0.72266006,-1.9187489,-4.393796,-2.417922,-1.9044404
8,K,-0.9796505,-3.5619168,-0.97110176,0.0,-4.136779,-0.28994274,-2.3810062,-0.6777935,-3.9208412,0.23041058,-7.2280273,-2.581213,2.9563055,-3.6767702,-5.964594,0.27987194,-0.9786339,-10.461464,-1.1129951,1.7182398,-2.0142164,-2.917529,-6.7437654,0.16798687,1.2621794,-13.320999,-5.313883,2.6750164,-9.508711,-4.1140566,-2.2100182,0.0,-4.087103,-9.291038,-1.2327957,-6.3148985,0.33214855,-2.9106178,-4.82101,-1.1318445,-5.308355,0.3452978,1.396143,-5.083161,-0.929409,-4.515262,-1.6055088,-9.837756,-0.7598152,-2.5751371,-11.145412,-4.3606925,0.32176208,-4.8610926,-0.80797005,1.7209625,-3.0084324,-0.41869164,-8.756554,1.8489637,0.459589,-1.4717207,-2.8227167,-2.69411,-1.1391554,-5.7441998,-3.2913342,-2.7846208,-10.630388,-5.5375724,-0.84695435,-3.1710434,-9.74436,-3.3728075,-2.3774424,-8.1683445,-1.0339813,0.0,2.1624355
9,L,0.47477627,-0.2695589,-1.7057791,-3.1616907,-5.328023,-1.3326449,-3.3208866,-3.5654526,0.0,-4.658168,-1.1111002,-4.0923405,0.851666,-5.3864284,-2.4599285,1.168953,-1.1659536,-5.2144337,-6.072665,-1.7151346,-3.1715841,-5.828903,-3.5620327,0.0,0.04843235,-9.874367,1.6315365,0.34628868,-6.6868515,-0.7057619,-0.5669079,-4.0280766,-8.090967,-3.7380981,-4.517883,0.11236286,-1.1986504,-6.380359,0.4490366,-4.3602157,0.0,-2.0943508,-0.50841427,0.0,-3.897182,0.5486231,-3.562459,-11.530569,-4.0024204,-4.2113714,0.0,-1.5173492,-0.83872986,0.0,-2.9009666,-1.2005634,-5.768944,-0.930583,-1.2114382,1.54212,-1.4311514,-1.8155489,-0.41457462,-4.6920395,-3.8315282,-7.930535,-6.202245,-0.28152847,0.0,-2.9659529,-2.6036367,-2.3918943,0.0,-6.108835,0.0,0.0,-2.3324203,-0.9344282,0.37001896
10,M,2.54354,-1.2768822,-2.4046793,-2.7922487,-4.7247734,-0.90639114,-3.3368454,-3.6376095,-1.8591747,-3.7736359,-2.0072212,-5.109355,1.539854,-5.372279,-4.675938,0.08092117,-3.001277,-5.7799025,-3.7854137,-3.1770725,-3.7352018,-4.2808065,-3.4146233,-0.6629219,-1.2062931,-9.287091,-0.01047802,0.56764317,-6.3457184,-2.2470036,0.0,-3.4760551,-5.9775724,-5.232252,-2.8959236,0.0,-1.8632021,-5.484085,-1.9424229,-4.070839,-2.7901812,-2.4108477,-1.2608557,-2.005577,-5.0919347,1.0848083,-4.22756,-9.536964,-3.5474472,-3.530075,-1.3622065,-1.4556684,-1.4286575,0.3227415,-2.8472385,-1.8552065,-4.8774652,-0.60805416,-3.120564,0.50443935,-1.8850498,-2.700817,-1.5783949,-4.6372585,-3.3053384,-7.038909,-5.0746365,-2.4216967,-2.6919975,-3.5278673,-2.6098328,-2.9297962,-1.7323761,-5.6246634,-0.852273,-2.291728,-2.9383821,-1.3461733,0.114494324
11,N,-1.4886398,-2.8625326,-2.9562635,-2.3377953,-5.0015984,-1.0716829,-2.9776793,-2.6094904,-3.4453115,0.3134899,-7.695467,-2.5268412,3.0068464,-1.6573257,-5.3716664,0.8304119,0.51286125,-10.699501,0.7531805,0.18440533,-1.7104378,0.23887634,-6.654845,-0.2919817,0.4777174,-11.707264,-4.4408984,2.5119772,-8.376781,-2.7419872,-2.467414,-0.62475204,-3.7141075,-6.2652106,0.10644531,-5.8837566,0.998086,-1.0387754,-4.518485,-0.092479706,-4.9132724,0.7483673,0.7040844,-4.6910486,0.0,-4.772386,0.23456287,-8.3735075,-3.2801237,-2.9761114,-11.747234,-2.9341068,-0.028424263,-6.1603327,0.0,-2.3791533,-3.3648787,0.01652813,-7.8799047,-0.30929852,0.25565434,-3.7899733,-1.3291082,-3.4325285,-0.7083521,-4.4495525,-2.421956,-2.8126945,-9.70759,-5.9849677,-0.31313992,-1.5293665,-9.320282,-2.8108578,-1.9936218,-6.806193,-3.7166748,-1.1235771,1.577322
12,P,-0.69182205,-2.5776916,-3.3915749,-3.758854,-6.6052084,-2.4564424,-4.170479,-4.708946,-4.5333347,-4.0638843,-6.508799,0.0,3.1763878,-3.332549,0.0,-0.5323,-3.3106146,-9.890989,-2.3702316,-0.063996315,-1.7960911,-4.335104,-6.345209,-3.0668335,-1.6098795,-13.674586,-5.059821,-0.71702003,-8.511583,-2.997295,-4.294691,-4.346058,-6.9412317,-8.189459,-3.094079,-5.334283,0.74079514,-3.283414,-2.9869013,-0.7461519,-1.3880701,-0.77308464,0.050405502,-4.4391265,-2.0242224,-4.3285794,-2.09626,-9.476929,-2.3355026,-5.2680445,-9.135971,-4.7398353,-2.796054,-6.5068808,-0.47880268,-1.2515049,-5.4234056,-1.5864701,-7.0488014,-1.7837238,-1.1920624,-4.4852753,-1.5556164,0.0,-2.9503546,-5.0992475,-4.549466,-1.8399687,-7.1401963,-6.119963,-2.661769,-4.0502224,-8.12882,-6.12123,-3.091466,-6.246193,-4.9668922,-2.889615,-0.24730921
13,Q,-0.84885025,-2.8773193,-1.6720829,-1.3667498,-3.7940311,0.0,-2.4685688,-2.0770588,-2.7738438,-0.20239449,-7.570318,-2.5131922,2.6195545,-3.786458,-4.745331,0.6287031,0.0,-9.174358,-2.17354,0.21028614,-1.6992788,0.0,-6.571953,0.122089386,1.1131,-11.30644,-2.8545651,2.3991575,-7.8479767,-2.9031553,-1.481019,-0.5947428,-3.1364794,-7.1983733,-1.1682014,-4.975547,0.66792583,-2.876276,-3.8337278,-1.6495228,-4.088975,0.11439228,0.98389435,-3.8940196,-0.8487797,-4.7197075,-2.1870184,-9.759207,-2.0388613,-2.2371168,-9.544737,-4.539954,0.46430206,-4.8255453,-1.5897999,0.0,-3.425004,0.25483704,-7.820718,1.2296095,0.0,-2.4180584,-2.609542,-3.6543484,-1.6626797,-5.2976904,-3.304719,-2.3595495,-8.583691,-4.174677,-0.5625744,-1.4551878,-8.075163,-2.8284101,-2.1578727,-6.1442566,-2.170148,-0.8612375,1.1400814
14,R,0.5079088,-1.3309832,0.0,0.178339,-4.377014,0.22948933,-1.8542433,0.0,-1.8119297,0.53542995,-5.4298105,-1.9698763,3.6398735,-3.393569,-3.7515078,2.906252,0.008472443,-4.4768124,-1.3730726,1.9399681,-1.6477537,-2.1685123,-5.4723706,1.6919298,1.728612,-7.7866573,-1.7699528,3.656314,-4.595434,-2.25741,-1.219017,0.10392094,-4.723631,-5.6834254,-0.6649456,-3.698989,0.16395378,-2.8381243,-2.9557276,-1.312664,-3.127593,0.807765,1.7916746,-2.4179096,-0.635849,-1.9757547,-0.8080206,-6.8667755,0.0,-2.1746702,-7.635692,-1.2833586,1.0502806,-2.5541391,0.52923393,2.668211,-3.0709095,0.20782948,-5.3920937,3.0854855,1.4765768,0.0,-1.2213278,-2.0993624,0.0,-3.9410677,-3.0307913,-1.9820251,-7.756424,-1.4828415,0.22463226,-1.123415,-5.6000385,-3.4426594,-1.4419546,-5.3031793,0.0,0.578619,2.728961
15,S,-1.1358128,-2.3074307,-2.9259787,-2.9139137,-5.401619,-0.45318508,-2.894394,-3.1785955,-3.7832584,-1.4103107,-6.992682,-1.3129511,4.059721,-2.8549147,-2.777873,1.9227467,-0.25297832,-7.3033895,0.0,0.7948179,-1.2065382,-2.9723263,-3.8465881,0.22988701,0.34031677,-10.37199,-1.3856139,1.8056183,-6.245058,0.96806526,-1.6787729,-1.594326,-4.398781,-6.533031,0.0,-5.5703855,1.223505,-1.567111,-2.9491806,-0.5408621,-2.4776878,1.0842972,1.2089233,-3.4843764,-0.2626829,-3.269474,0.0,-6.76863,-2.4622984,-3.428401,-10.290687,-2.6278534,0.0,-4.9731793,0.851326,-1.1495781,-4.0282326,0.48511124,-5.518889,0.08650017,0.6872864,-4.150941,-0.44762897,-2.3313732,-0.5197334,-2.643546,-3.2369576,-1.6373472,-7.0631566,-4.5258245,0.0,-3.0663261,-6.9655213,-3.8603554,-1.7932568,-4.66605,-4.2129087,-1.7063417,1.2264528
16,T,-1.0134554,-3.5071802,-3.1281242,-3.3792534,-5.1736403,-1.4818788,-3.656392,-3.6863852,-4.4056954,-3.675684,-5.2048006,-3.1345901,2.4748497,-4.961261,-4.3291035,0.98657703,-1.1617746,-8.552921,-0.7691603,0.0,-2.5545301,-4.6150866,-3.4288578,-0.06245327,-0.33717346,-13.6621275,-2.2590775,0.8344021,-8.490202,0.58714867,-1.7221813,-2.1118212,-5.99293,-7.4603634,-2.647088,-5.8231015,0.0,-3.93462,-2.3635864,-1.9616385,-2.2165031,0.0,0.0,-4.2529655,-2.104824,-2.4838438,-0.43202782,-10.197252,-3.3848352,-4.327053,-9.323579,-2.677722,-0.16384125,-4.1792917,0.6513071,-2.166524,-5.2977724,-0.40507507,-6.7902765,0.92272663,-0.41302776,-3.5073843,-0.84241676,-4.319807,-2.759284,-5.3613887,-5.1751575,-1.6509781,-6.822858,-6.200483,-1.073287,-3.987194,-7.2537866,-5.875948,-1.6333923,-4.429698,-4.27129,-1.9518862,-0.99833965
17,V,-0.47882938,-1.0174999,-3.0453491,-3.53372,-5.2314234,-1.572434,-3.6542253,-4.6002607,-2.5084486,-5.3465376,-0.8098726,-4.247839,1.5279179,-4.9242983,-2.3709917,-0.33471775,-1.9020376,-8.585098,-5.047452,-0.8634224,-2.990735,-5.5760703,0.0,-0.57392025,-1.1239867,-11.79899,0.0,0.0,-6.9146614,0.0,-0.692873,-3.8757286,-6.6508775,-4.6277323,-4.0097156,-2.0230932,-1.0331554,-5.8832493,-0.13305092,-3.3006792,-0.6559391,-1.9596901,-1.1075993,-2.1717358,-4.275138,-1.2266264,-3.7507758,-9.077917,-3.90022,-3.793829,-3.5999327,-1.0185633,-1.6614876,-2.9014368,-2.2438192,-2.5294943,-5.649274,-1.1416721,-2.8637347,0.32832623,-2.2455378,-3.390544,0.0,-4.4148026,-4.278254,-6.456499,-5.399023,0.004005432,-2.2942219,-4.8941884,-2.306754,-3.2854333,-2.7950306,-5.740904,-1.1238708,-1.7709208,-4.5725555,-2.3773756,-0.3298416
18,W,-2.1326008,-1.9318571,-3.9440966,-4.900303,-7.67901,-3.6871266,-5.513814,-5.107396,-5.293133,-3.9507008,-7.6068463,-6.549147,0.24133158,-8.476904,-3.3111095,-0.7978687,-3.8465867,0.0,-6.893784,-4.9640527,-5.31013,-6.6465945,-8.273731,-2.1707997,-3.2383838,0.0,2.1523876,-1.0663457,0.0,-5.3406353,-4.464368,-5.583904,-9.429274,-5.028473,-5.158886,-3.719987,-3.6544476,-6.6449876,-5.0594077,-6.4752016,-3.7001667,-3.9079962,-2.2218933,-2.0498018,-6.228736,-2.8136673,-7.8346806,-10.015245,-5.145404,-6.948734,-6.2041216,-5.1760736,-4.3051443,-3.7069216,-6.3846383,-3.2999563,-7.6785145,-3.16613,-1.8978052,-2.2012043,-2.833788,-6.2813406,-5.074337,-6.1432247,-4.69862,-4.303396,-6.940183,-5.5918174,-4.791545,0.0,-4.5035415,-4.92271,-3.9226933,-7.1141634,-3.7726636,-5.5352383,-4.3658,-3.4740505,0.46609497
19,Y,-1.1424322,0.0,-4.040017,-4.778608,-6.608036,-2.7849255,-4.6261187,-5.0248127,-3.2412806,-4.4779315,-5.549967,-5.538435,0.0,-4.2514706,-3.3057928,0.5569658,-1.5187178,-6.7386513,-5.6168184,-3.9997482,-4.263324,-2.3629236,-8.313964,-1.8220601,-1.9482245,-5.2326403,-1.5296988,0.14415646,-3.263546,-4.18572,-3.1310506,-4.824962,-5.9952245,-1.1867905,-3.5579023,-2.2946663,-2.237689,-4.7215824,-3.1744385,-4.305911,-3.7590694,-3.2072096,-2.1594992,-1.5590057,-4.5892587,-2.9387445,-5.0519314,-11.237993,-5.117037,-5.2094,-6.499942,-3.1071453,-3.5001345,-4.0751333,-4.286957,-2.884695,-5.7540436,-1.0914412,-2.2956266,-1.8262048,-2.7398634,-4.7782173,-2.9040089,-5.623067,-3.5018773,-6.9456267,-4.5324526,-3.7380977,-5.5197096,-1.6123343,-2.4448214,-1.1185255,-4.532503,-4.7477455,-2.7531667,-4.719082,-5.3269506,-3.4665904,0.0
