,MT,G,Y,R,K,E,Q,E,R,L,G,I,P,Y,D,P,I,Q,W,S,T,D,Q,V,L,H,W,V,V,W,V,M,K,E,F,S,M,T,D,I,D,L,T,T,L,N,I,S,G,R,E,L,C,S,L,N,Q,E,D,F,F,Q,R,V,P,R,G,E,I,L,W,S,H,L,E,L,L,R,K,Y
0,A,-0.0999319705276765,,-0.268338652806565,-0.0625434340718812,-0.608489958396831,-0.0763390087050451,-0.0706313230898818,-0.0555018152340449,-0.0800957802278269,-0.0683162971736776,-0.650573003279458,-0.299551808115794,-0.0853604549564006,-0.369031008866769,-0.640637308012592,-0.0208729675802048,-0.0557904583891347,-0.861808189877818,-0.664347309469615,0.0240103079518262,-0.030992629978515,-0.294894803187409,-0.575483736126382,-0.0829351663748395,-0.249939979436969,-0.903825483907952,0.0025438822038562,-0.0036077944104774,-0.631941602177515,-0.0488787044682743,-0.0459520883015572,-0.140588818780361,-0.138542343711337,-0.0308137594324916,-0.0861195521503466,-0.0245880843182962,-0.0302893992016833,-0.153848761888035,-0.191805581810491,-0.22587576529319,-0.0489389813920027,-0.0037945058571483,6.90979369570681e-05,-0.715358444880263,0.0034499962849445,-0.584311610143,-0.16079579986181,-0.78773828881456,0.0063545599185903,-0.0739705666531789,-0.982202622023395,-0.220327838028722,-0.0629188171903852,-1.23254180131458,-0.064552664862829,-0.0441731839671326,0.0107435040560851,-0.0414651329059673,-0.813174856594185,-0.0298689309044557,-0.013917598649492,-0.13218092300468,-0.0754495565378328,-0.294526280856972,-0.0027364743260127,-0.0246993270962342,-0.028908910631415,0.0173881772986366,-0.310627570336821,-0.747710491008556,-0.046248082301004,-0.244296001139567,-0.735566896130583,-0.0610389612601227,-0.0201300422438446,-0.533933578454018,-0.547244928466563,-0.0002396375260422,-0.0212150268709563
4,C,-0.149067244808417,-0.254530826766139,-0.205612427738336,-0.269714240813928,-0.287690975717425,-0.117958509342512,-0.516338254361397,-0.355012458621439,0.0064246379681282,-0.0786011085418779,-0.486910619146514,-0.493883385075539,-0.138076300179095,-0.392810990362071,-0.741629186477534,0.035831445790666,-0.127129912818753,-0.879065546649712,-0.487224304178047,-0.11764732359806,-0.240541189841947,-0.543383333903248,-0.529869345614592,0.0025781861441893,-0.265714401371071,-0.866326851915401,-0.0731080675819429,0.0389687861622874,-0.663046553057807,0.0117549802396256,0.0688886829209527,-0.188078213665138,-0.275777217239686,-0.0679899196842212,-0.044360385470094,0.0808808504051681,-0.0436576447495529,-0.0202898005945394,-0.0419576394778948,-0.281037971517936,-0.0561805431963528,-0.0512309746625547,0.0133015978923649,-0.28223909948589,-0.0629438100611994,-0.169675619845218,-0.0387472807189926,-0.918834630508455,-0.108805237949019,-0.0878102463524856,-0.8375443268013,,-0.060808144747309,-0.373806607417448,-0.123935725917437,-0.161753859909688,-0.0582657327123244,-0.176746152004192,-0.972270749195594,-0.0880185202759375,-0.0905913158009317,-0.143330683725569,-0.0116030627895783,-0.28783015170392,-0.0043286672137662,-0.297982157817402,-0.189871329631986,-0.0547289964639657,-0.570102526011934,-0.792729316110532,-0.1670783215057,-0.318567952411388,-0.979177700564808,-0.137605846140239,-0.0350796994410771,-0.118572059818187,-0.25525414985088,-0.0711845966418281,-0.0605175413670573
3,D,-0.0774828000870139,,-0.498926064304527,-0.103763048776321,-0.370601639277741,-0.678436868871435,0.0308318915152393,-0.184743870664746,-0.368151357825366,-0.195836784855939,-0.920966584626057,-0.339679087348764,-0.0640459466584779,,-0.903085268582878,-0.11567680725406,0.017223518385037,-1.05437830850708,-0.0483450331679469,-0.100643840487447,,-0.0723759234839732,-0.873376987931566,-0.170531748184678,-0.209182487814447,,-0.749787055533815,0.0169662388325376,-0.570031663872331,-0.762642996235622,-0.793957103140688,0.0162468361981202,0.0212130666457946,-0.175829256684713,0.0884306576162271,-0.0191004339775565,-0.219814749092594,,-0.287910520935558,,-0.386489264214943,-0.01127472507496,0.0341730953036984,-0.94521301149976,-0.147698065386282,-0.958773790363032,-0.0701446971934401,-0.803582739792571,-0.100019018717091,-0.0410588762411635,-0.786279881294106,-0.37136367680943,0.0760763385333505,-0.842478017511287,0.0077384788828918,-0.26186598932197,-0.0627673897966284,,,-0.455395393139837,-0.154973931130966,-0.796778406210582,-0.66654138949333,-0.738422405129552,0.0837378785786378,-0.888507118158892,-0.133350687370044,-0.337666916220073,-0.758210633110791,-0.803760140169723,0.0272490899755761,-0.214049236835155,,-0.0232345488440042,-0.0216423559562506,-0.91298947920325,-0.382485014265471,0.0227714456495053,0.0600461072156204
5,E,-0.164388402527282,,-0.0041924315650141,-0.0719407534980313,,-0.25990625421636,,-0.0538963908264485,-0.117024952109157,-0.0961323822773332,-0.923959030054274,-0.47801310813102,-0.0002484585392707,-0.149968986236344,-1.00544721702135,0.101015793211918,0.0493447480005161,-0.931755487496892,-0.310836334316563,0.0391716694665441,-0.007152861615774,0.0001940622910281,-0.95094787073623,-0.0879763754349566,-0.40454881863153,-1.0051253970554,-0.913493408497252,-0.0386389782787976,-0.700588001268457,-0.0796272864141328,-0.288887203122475,-0.0240725451007165,,-0.05553807939954,-0.0354790953178143,-0.0311969834516431,0.0174675664176936,0.0302688168374834,-0.117991343113974,-0.112264055247192,-0.152737804277528,-0.0347136273920923,-0.0041380353167715,-0.875689392046616,-0.0392814420756104,-0.938832973554628,-0.0614118940971742,-1.02141261389185,0.0410647569166494,,-0.817628488162022,-0.456813714055729,0.108774854459009,-0.483899811309093,-0.0372256559370675,-0.0150746215513037,,-0.0947523837633555,-0.953606426112057,-0.0737740540806985,-0.0408746150759449,-0.196783083552847,-0.563299466576301,-0.230289702301499,0.0333865549574859,-0.916306926532916,,-0.0439399171728665,-0.934384742407112,-0.800704296159207,-0.0207774066035621,0.0091233779597745,-0.757934535396737,,0.0243812805637159,-0.521378826348337,-0.359876267304404,-0.0499769206152289,0.0104195768480811
13,F,,-0.190794595683241,-0.058066279802101,-0.131475241946396,-0.41863891709527,-0.18363389316682,-0.251760048499793,-0.368284163080085,0.0342142600320983,-0.272161581928561,-0.263422408100519,-0.949167310011544,0.0138166470536542,-1.0112442889039,-0.716906140656841,-0.0274103184951423,-0.280281814661733,-0.900992532200034,-0.849214674319561,-0.716322434609256,-0.390650332177367,-0.79224474845051,-0.890029262400485,-0.118882755506348,-0.193503626856988,-0.403891163089713,-0.256463118719482,-0.129408184513172,-0.279042952359412,-0.307415251352757,-0.0900894981594852,-0.409859558651409,-0.375043509494607,,-0.419974320486814,-0.0895960114749767,-0.0194547446755699,-0.492194798115449,-0.0111855348300935,-0.714918374331416,-0.0943755304759802,-0.214899484499129,-0.299068612613385,-0.108007426308125,-0.348229099448683,-0.23695495790825,-0.866119117053869,-0.796308589244904,-0.112815368573976,-0.193237036234969,-0.814685259087058,-0.332983448252003,-0.269006109474192,-0.0510633754112121,-0.711754227880706,-0.0867576054405451,-0.0689097553414429,-0.228574015228546,,,-0.0807563761073874,-0.191996213707486,0.0180629848106208,-0.610781706639237,-0.17654816926284,-0.778656565639476,-0.248818240588071,-0.0529540125798651,-0.0269947507608194,-0.181025813588911,-0.101964052133987,-0.887937476726844,-0.182043170447938,-0.322011087908266,-0.135813220229681,-0.353954917146593,-0.858840212960185,-0.0857191761610285,0.0618691166161877
7,G,,,-0.175880712595213,-0.0658072089664452,-0.669685835681163,-0.72416990201115,-0.314566152743369,-0.362646555514459,-0.373197957504678,,-0.752380188394864,-0.577403825678093,-0.118646548374339,-0.805239375082522,-0.887871848388423,-0.350278514855449,-0.0987732956267035,-0.779374204071247,-0.339978021685954,-0.0686171917360293,-0.0020307932677286,-0.879866043799078,-0.982158369940365,-0.108669002300267,-0.206837078408233,-0.991550347752948,-0.0368737955205064,-0.023110564602514,-0.776356045389469,-0.0512378354506212,-0.0889633488039734,-0.0871868947510012,-0.19614699048781,-0.117281741605366,0.0178346185792594,-0.181778049994791,-0.004382083349428,-0.0313704633784714,-0.184551768598879,-0.239474337297583,-0.134460174811679,-0.0210234148613806,0.0006718671742413,-0.711181597105286,-0.0989796093249934,-0.795593205072068,-0.139972818023233,,-0.124679141310087,-0.594168112313326,-0.920002472382991,-0.575410129671553,-0.0681565388229828,-0.791231655081211,-0.0198502201019833,-0.244640510711771,-0.0453419682199157,-0.071474219909499,-0.887811404845556,-0.100833982328151,-0.0293225181405759,-0.425697197846982,-0.217512464639942,-0.158281811091673,0.0071455107714171,,-0.0268565548869054,-0.0872162981284298,-1.03813460866922,-0.842553290157504,-0.0096766515117207,-0.47452836685508,-0.936702370522218,-0.0657675144069168,-0.132441632951212,-0.950026123859476,-0.514743121135901,0.0329984303754296,0.0306265579295303
8,H,0.0731462919726001,0.0411691389065206,-0.0979205976812768,-0.0028457568787887,-0.354234249232164,-0.851942229621087,-0.297517584454031,-0.209764184631241,-0.0816423978805662,-0.0697369703597648,-0.644386924713533,-0.790968053802565,-0.114301219246697,-0.146926716785075,-0.813423413144713,0.0988752273351223,0.0851222875992299,-1.00321403050566,-0.0963901518861232,-0.0473585498552205,-0.0489992583157312,-0.0524419037563186,-0.966396268021405,0.0285727320161493,,-0.821648762952192,-0.757572726837479,-0.0127512646781614,-0.403887242639389,-0.133508485495577,-0.168506835592435,-0.0146120084130952,-0.0922526066256421,0.076558553923178,0.0075762702507447,-0.192604863620256,-0.0371521474934962,-0.054536404341809,-0.0599873004607633,-0.223254944251729,-0.0626051811644811,-0.0745708856090109,-0.148873710427132,-0.825018586028015,0.014903591905928,-0.873937886759392,-0.266380387869826,-0.304790999917262,-0.152191391513648,-0.199859656944449,-0.927568181920676,-0.658601742503198,-0.170516066383383,-0.486304517526455,-0.12363973191799,-0.0491697979048165,-0.0226837255735102,-0.14878893068888,-0.931209976436587,-0.118109936736269,-0.0596133875111308,-0.21333228448219,-0.885571367342921,-0.145748621462773,-0.111477514900979,-0.608367983386131,0.0043992353195947,-0.0954801173547109,-0.259053066214643,-0.493538434452673,-0.0285688115658253,,-0.830742492506393,0.0209258936595761,0.0309387237865629,-0.317400148271186,-0.0695600600389034,-0.0149138830880279,0.0024703737602848
9,I,,,-0.0163992437044579,0.0535577619297304,0.0043615009852281,0.0775734605007519,-0.160530679408663,-0.221977857558751,-0.0811366597887959,-0.562291322775535,,-0.911572582880994,-0.0223250043688824,-0.940156012825964,-0.356415979837359,,-0.268781173636864,-0.915187749698305,,-0.101202504658588,-0.360275663181141,-0.899329736902512,-0.793586473568202,-0.0912308392600015,-0.137879297550324,-0.803536037428088,-0.0594663706239883,-0.0172788947458606,-1.09462378931731,-0.0988610157026984,-0.031259710656824,-0.581781743549052,-0.766919521460081,-0.149116778347208,-0.781288853998133,-0.0503042782172663,-0.256426854553987,-0.626070629806366,,-0.532975126361106,0.0059517336478198,-0.181314456744001,-0.202494689618334,-0.143070953891617,-0.251174921288966,,-0.279277199266259,,-0.202555456598353,-0.156490655349986,-0.374064377026238,0.0763811535460261,-0.416975666045397,-0.156622480492124,-0.244179857798724,-0.133108109506259,-0.153279316478503,-0.0218457293167978,-0.507424081432027,0.038839411301602,-0.177622372651562,-0.0339412986783035,-0.0767261531745204,-0.553972519233463,-0.18670801627697,-0.771590443987116,-0.189210243696135,,-0.498786398261742,,-0.156710690624409,-0.337713961623959,-0.541568753470877,-0.301795285813588,0.106894998528747,-0.235687672341082,-0.23005349516949,-0.0087788683875704,-0.0901277225501422
11,K,,,-0.0834703078440383,,-0.806208216368791,-0.959945818788458,-0.493502856365985,-0.0240054073889215,-0.0613609282429649,-0.0405492176990694,-1.20914587693413,-0.762489118560412,-0.0243244340340207,-0.793468370002197,-0.752604095113982,-0.0253069968964232,-0.143034689726122,-0.863679567834255,-0.280892914855955,0.0428769850788262,-0.0291093436542194,-0.786797380736847,-0.791181522322696,-0.0379827929058515,-0.316632230064012,-0.90593511253113,-0.478002963965807,0.0850340774669443,-0.816304503082045,,-0.0890814523699779,,-0.0084436698848854,0.0146409217342333,-0.028388960907221,-0.0615010843420408,0.0385870323120074,-0.09107451130334,-0.243854950478139,-0.229957934192847,-0.0905785743373792,-0.130764660325207,0.101909165829454,-0.862352495399649,0.0316321534375851,-0.834818437691161,-0.137346116306287,-0.951382364444491,-0.086089168660337,-0.041482284876134,-1.13256208511199,-0.887432630537522,-0.107130225548175,-0.648527312300499,-0.188855442941831,-0.0037695129863342,-0.122470947665207,-0.128575088819364,-0.814925974736939,-0.0478770294105432,-0.0161953802876202,-0.0139666042785396,-0.863660357627669,-0.159208507536961,-0.0129031821282087,-0.727815577772881,0.0639518558507067,0.0133471731273792,-1.00535244013478,-0.87150292936722,-0.101546524174502,-0.281698567397496,-0.421730682231877,-0.105548323842521,-0.12194854765956,-0.87560462210949,0.0155279236199933,,0.146361191825867
10,L,-0.634314356724737,,-0.182186266884756,-0.0650863361631564,-0.449536819192836,0.0365430075244359,-0.187384784014116,-0.0595467398556262,,-0.158389133419287,-0.190682862849013,-0.955044697219536,-0.0141209720100392,-0.766094756723212,-0.720133749397168,-0.0124591911290383,-0.0104984759108474,-0.973816435741382,-0.863580086407289,-0.318155815071099,-0.413843226236681,-0.906633530955189,-0.745847885059718,,-0.166681865966706,-0.886327073347336,-0.19390841335292,0.0222363041803065,-0.814627285427895,-0.119659984783042,-0.109707431579783,-0.443442773198262,-0.442086052358082,-0.144618551656937,-0.204021214963164,0.0431680785153683,-0.0966209683989369,-0.519627855222469,-0.0119064076333823,-0.92932452896405,,-0.162346828021163,0.0159385907914114,,-0.195051714678598,-0.034169664909665,-0.761828179641449,-0.982456667204377,-0.0723401493747684,-0.201269058835856,,-0.0766982199659633,-0.107515409792488,,-0.251792882271255,-0.290781760741452,-0.0759459835600841,-0.0867487844273166,-0.424351503273338,0.0332532596464766,-0.0091645426881742,0.0083113546864572,-0.0729492893438289,-0.90111995173612,-0.141180316722964,-0.795392772049264,-0.248753063101438,-0.0368796761959921,,-0.497003034415074,-0.155915329264968,-0.750529931864546,,-0.108693995171081,,,-0.165094573641857,-0.134614542543179,-0.0320736941553031
12,M,0.0450498946707926,,-0.158191150677935,-0.0350532364013915,-0.281289370394949,-0.0154509847823885,-0.0981568048132858,-0.133189458850477,0.0113462732933695,-0.0963073323730328,-0.3115238832921,-0.90342877844025,0.0116153141968403,-0.783503663402935,-0.634536009184919,0.0315238509973901,-0.133569252475596,-0.956580254301799,-0.835786200853592,-0.149540677038469,-0.133888279120695,-0.219268336328715,-0.844377181659394,-0.0113991993727407,-0.302700419782096,-0.97627225482984,-0.105842357616806,0.0155004804677266,-0.745622998228019,-0.0422457925766941,,-0.260981437717662,-0.336953884317432,-0.174958426656539,-0.139642030027163,,-0.0276146719682704,-0.364418599060817,-0.0211768024802994,-0.543218478967133,-0.0084794439940901,-0.0609046858365326,-0.0433944845215678,-0.0194861082781603,-0.0539218737535533,0.0689945350796952,-0.445664247368615,-0.990383621736586,0.0424418150928843,-0.240035451750177,-0.162798169864691,-0.0697482416544458,-0.121466332269733,-0.0090199760824842,-0.29098660427087,-0.107292924236613,-0.138509019883584,-0.0035043925331872,-0.379693653634925,0.12129873301839,-0.0217594794096741,0.0703637523552826,-0.113146646626337,-0.9524264489736,-0.126511951836464,-0.966875670488125,-0.147322682267779,-0.0905173173010698,-0.123600037358461,-0.556947896001082,-0.162185109445307,-0.321565136683934,-0.34746314146667,-0.0240637240874879,-0.0421193580537516,-0.0933405315904967,-0.348250171869173,-0.0705318416629154,-0.298777029120552
2,N,,-0.149702395614325,-0.372522659936403,-0.032133481022741,-0.896674234577374,-0.844264664735101,-0.177447912612153,-0.191322386308083,-0.0795807310665376,0.0281096288216503,-0.818113643889592,-0.542200534040558,0.0060673869323719,-0.0723082957158876,-0.605675712137519,-0.0818472414099848,-0.0618534348148923,-0.134296986066951,-0.0528035652986891,0.103094121939822,-0.0439222751464094,-0.0394951066182576,-1.0060961495612,-0.0751133779225669,-0.0483989393598992,-0.893667229576767,-0.818302756612087,-0.0996848003269871,,-0.319472106267315,-0.190635817445127,-0.0238397683627409,-0.202278574794234,0.0812082080072055,-0.0088744293642129,-0.188854952885541,-0.027415219058047,-0.0816963040725185,-0.0702579001965398,-0.0434655426836865,-0.25818321629905,-0.0834237524964432,-0.0365087035841024,,,-0.644302291992168,-0.0414479809358007,-0.577882757690774,-0.257003650807876,-0.252165325052016,-0.897411058712918,-0.469986770183103,-0.0330699785938388,,,-0.455497422859513,-0.19157672552284,-0.187918455314443,-0.73996755261342,-0.18286107439674,-0.0991089841856789,,-0.384124742613401,-0.176812309603407,-0.0696835542241031,,-0.0774828000870139,-0.193972120670682,-0.973743711387875,-0.765668407750498,-0.114949073662705,-0.0597795165936019,-0.979042984090557,-0.226295743534127,0.0545163120338996,,-0.118894516857319,0.0961857984129952,0.106688684830457
14,P,,,-0.517374576398865,-0.325657106709401,-0.958444394126826,-0.738708745020077,-0.89100695410336,-0.596303336576554,-0.815092838903846,-0.977639805914039,-0.928274651969588,,-0.0577756764218492,-0.59566714550026,,-0.458308189719162,-0.941735596565364,-1.10293872141469,-0.819844424696292,-0.0133579543657696,-0.0886021773178933,-0.991390981447286,-0.908630412327617,-1.00539855443171,-0.941622408263953,-0.946638546044249,-0.667668371944536,-0.920744970880322,-0.940860395235078,-0.821978080779392,-1.01425558679761,-0.734366013190774,-0.260128249715945,-0.604657620194057,-0.090967188975726,-0.196409660659505,0.0138475205999542,-0.0093091092938645,-0.169932899397717,-0.111440760679194,-0.0277665894183176,-0.10627948782791,0.0125670035129429,-0.86484673490128,-0.372937247558145,-1.00240220325486,-0.04011649799458,-0.632827672956323,0.0005728758035653,-0.939935806031839,-0.746332550730998,-1.02614106902739,-0.522081812097023,-0.948954331547703,-0.0388511726525733,-0.177637564396567,-0.0982557961839617,-0.943184384280835,-1.02024319256589,-0.526789978902133,-0.776572748281117,-1.0632824352825,-0.667127202782964,,-0.454920724616882,-0.0186388009519289,-0.238917143295313,0.0234678156382704,-1.05847277781963,-0.954373207388638,-0.102352666772333,-1.00188911431873,-0.657809174464613,-0.903993009650851,-0.172306242012488,-0.727471558256968,-0.789588692361765,-0.195138454642012,0.0093341021646787
6,Q,-0.0474938053913917,,-0.0498911607643958,-0.106257435294839,-0.48498097349714,,-0.0718873373623695,-0.158027961933207,0.0160664954832254,0.0095536473828116,-1.00869702531164,-0.973452323917559,-0.0475305596131773,-0.343905332797821,-0.878106864230345,0.0363793287234171,,-0.943941996604221,-0.225232811440087,-0.0427750533704072,-0.0623640734695673,,-0.900231337565165,-0.1441882822339,-0.303955453942003,-0.875459222408106,-0.271172648334382,0.0266639627647488,-0.724312067341016,-0.344951602977985,0.0591458738100176,-0.0605008794531811,-0.122825748419511,-0.0124317479767716,0.0135730890772882,-0.0797086357583516,-0.0092419715820694,-0.0986547020044085,-0.220002440651846,-0.267782928973166,-0.117257238790842,-0.0323280333700596,-0.0157386478248974,-1.09160744384381,-0.0858358095581615,-0.828063060732592,-0.275633140690286,-1.01908984508626,-0.0212723634569419,0.0134099003325599,-0.95083311425469,-0.615313159146002,-0.0850982748409965,-0.446091331425764,-0.125366200229333,,-0.046131448903871,-0.0302477444169929,-0.641037046928732,-0.0527295667988274,,-0.105509609395574,-0.23461297889607,-0.26569332895058,0.0249345541156623,-0.772722327001226,-0.120614124380596,-0.0768153434193868,-0.884464947653663,-0.874946799948534,0.0095149329358641,0.019492969066227,-0.713452125910315,-0.0745591242580396,-0.0795086927918379,-0.416250872791785,-0.299333733066532,-0.0585112509138524,0.0060923798031861
1,R,0.0906618839067602,,,-0.0286565316418203,-0.912873809256784,-0.650558791647034,-0.141085245802612,,-0.0466901130750126,-0.0850865134900251,-0.807880729482553,-0.968582683564737,-0.0760993711790027,-0.953623195838318,-0.560346142341753,-0.0130791123364893,-0.0093194004759643,-0.904938431146999,-0.140422199641599,-0.0219035559590738,-0.0958393286156292,-0.997609795773415,-0.723761048048006,-0.0125292691785762,-0.303616825045284,-0.854847920384201,-0.435979019871811,0.04285003198285,-0.900029997938223,-0.563626873183967,-0.15508125345858,-0.023619243032027,-0.0305378577409542,-0.035466353854262,-0.0451395749719495,-0.0289510554723959,-0.0332307170571147,-0.168344136903997,-0.281170286716364,-0.291851553623559,-0.19139148424504,-0.0142822005296055,-0.0265419387484204,-0.989300009267087,-0.0380621820249085,-0.909073134080995,-0.277043032637983,-0.944328504000519,,-0.249480796692793,-0.813464528867484,-0.713573904898498,-0.0571797679726315,-0.681969243618808,-0.0144022643207719,-0.0083505591896951,-0.0823804226540217,-0.0920399221955759,-0.55226143868964,0.0033681568844351,-0.0107851588407753,,-1.05974716920301,-0.346872623636648,,-0.562486463190403,-0.10109077182436,-0.0386281970404071,-0.976750255735569,-0.525961195703682,-0.0342510142538839,-0.294588027949571,-0.814548827415789,-0.0583181687354051,-0.0118745539745014,-0.676500166411477,,0.0033186611990972,-0.0538890399820914
15,S,-0.134923278006178,,-0.214431480741726,-0.0256818899586366,-0.741930081039886,-0.221420173500191,-0.162979490692167,-0.133885338782952,-0.17414395310177,-0.0904982051057413,-0.841818205721791,-0.229045449379983,-0.0287109278900631,-0.205344366947446,-0.764767635282976,-0.0007649778694315,-0.0151775333723035,-0.834552729170466,,0.0413396784956059,-0.0289613466544959,-0.646253647135211,-0.839451919917603,-0.1044432469075,-0.270247912114256,-1.12594122860515,-0.171197734683434,-0.0347082367728971,-0.438722600014035,-0.0756372480970847,-0.100274338044429,-0.0792504331267574,-0.0996304040787444,-0.0632510753553273,,-0.101818995472006,-0.0703510108917302,-0.0627198543364523,-0.275207281773863,-0.124499780707773,-0.126808925948492,-0.0108625877346704,0.0138940759475493,-0.74509971612105,-0.0194214208478176,-1.00355172829542,,-0.804479444792882,-0.0061712788659525,-0.290543593384281,-0.847819190026804,-0.335181350714784,,-0.692869712704733,0.0122548376559103,-0.0465911217043367,-0.0509080275671315,0.0025134987138467,-0.626035394759081,-0.0004366401548131,0.0036577801521059,-0.156354419701234,-0.249284284120313,-0.218892953210211,-0.0166364309490477,-0.199271589395879,-0.0565534760334045,-0.0763071550461641,-0.881766349778341,-0.913417415958345,,-0.143409092732045,-0.885705476147372,-0.0511569761626928,0.0459574789207525,-0.675919302690377,-0.311112726064391,-0.0454801640938297,0.0381778353094607
16,T,-0.156366181052206,,-0.148923696168761,-0.0667789905904573,-0.346577119693491,-0.171725525308275,-0.0898601518155428,-0.117043574248195,-0.110285698002544,-0.410929351533516,-0.750348856065215,-0.559857017158229,-0.152091910086682,-0.86802269170859,-1.06941568578031,-0.0650613432923422,-0.0292112753626381,-0.979808501021908,0.0501910752141666,,-0.113703350572317,-0.874726568651594,-0.0577002077531161,-0.0562373897260479,-0.119738883845808,-1.03062596618656,-0.244670894201781,0.0777851648182371,-0.452449566766533,0.0034264735830017,0.0178287379037737,-0.0104764233777761,-0.0839441922769277,-0.060857640432647,-0.0126326710558664,-0.0436816575077861,,-0.0802217246944791,-0.0353007148280815,-0.262633907529144,-0.0605538055325525,,,-0.553776251689128,-0.0095850109854018,-0.654453906060617,0.030060052857741,-0.813017254491168,-0.0849782110498301,-0.121540330769594,-0.824600715029127,-0.226396695129965,-0.143719788420206,-0.625045138012918,-0.0248571252217672,-0.132422030699593,-0.0678218303765882,-0.0528589416595129,-1.01886441919264,-0.0444667276851272,0.0141018598147108,-0.193512447870216,-0.171852449887508,-0.333435280151821,-0.0874676970054435,-0.734934429482096,-0.0376157407442856,-0.0654700502385983,-1.0001380451816,-1.04733125004442,0.0214174201189227,-0.380474803361942,-0.970128223093637,-0.1607654163718,0.0242734681798114,-0.290010902196534,-0.245799493838745,-0.0128659378501326,-0.147681403472406
19,V,-0.172721319690521,,-0.26169054916998,-0.0449298308796261,-0.0930112137632975,-0.0691660547813614,-0.171980354579322,-0.149140301049151,-0.0129811010783941,-0.382983401512884,-0.341530029957888,-0.723590263430776,-0.108973817312942,-0.856406789444202,-0.243445753475593,-0.0135030110277501,-0.120608733761401,-0.927336733235248,-0.995904252865674,-0.0297224040736036,-0.171653487033575,-0.992394175679518,,-0.0299517504175459,-0.218710162213863,-0.978600365248999,,,-0.939399076780259,,-0.0357373549828947,-0.359574392629471,-0.27741106491213,-0.127932625022551,-0.164960788274557,-0.0133265907631791,-0.100361568064133,-0.363583053085557,0.0374853857710195,-0.439719864565152,-0.0236359049459033,-0.122439094006326,-0.0647619188988619,-0.193314955185155,-0.122053419705722,-0.108812098737085,-0.417550502074125,-0.88381360893743,-0.0816031933773283,-0.0410157512876017,-0.651577618674932,-0.122383717645502,-0.331121724404488,-0.340673411562138,-0.148035224114129,-0.184251364092818,-0.0807926402728825,-0.0908961308136071,-0.802757632016298,0.0492026316762783,-0.0096036331244399,-0.0390888499534538,,-0.406108177747822,-0.15733061183186,-0.835363086252395,-0.117929596021374,-0.0214943589565271,-0.392557141203605,-0.920290589217625,-0.130793083590054,-0.553996139946664,-0.376236306505624,-0.212684430066182,-0.193223314658836,-0.181760898024624,-0.342781143667471,-0.0784036158568165,-0.0959079364962957
17,W,-0.505721233833884,,-0.0805760353924925,-0.119944217431517,-0.442054100687943,-0.497877343842911,-0.28793257346863,-0.360384945733917,-0.0145625127277572,-0.464342693874443,-0.265350779603538,-0.979766748225959,-0.0376353429959047,-0.651188023924004,-1.09523954504629,-0.0160057285032064,-0.0804010852967929,,-0.926896383354315,-0.515941014732338,-0.184661051151655,-0.999897966604901,-1.03719458269283,-0.171473636374971,-0.392904101057262,,-0.731808899467075,-0.042719186953293,,-0.338812177770914,-0.325640934851815,-0.418934421038426,-0.566334483194471,-0.0917748017424289,-0.335174489926717,-0.118279006156483,-0.115218114566175,-0.149033958834117,-0.145174765546626,-0.989216258647045,-0.132260802180027,-0.188198277456304,-0.122861032472425,-0.11527398098329,-0.275619909170443,-0.256610135606625,-0.811668864607926,-0.839777807350769,-0.143388020311554,-0.671980377244426,-1.04248797472002,-0.552200279664589,-0.380841855523508,-0.0205735431867245,-0.782251471569514,-0.351445338883071,-0.13452290201686,-0.190222209935967,-0.2633513499384,-0.210737926480415,-0.298119373578735,-0.314282410151184,-0.0421262188418183,-0.669945222475712,-0.150019462034263,-0.719898914422772,-0.152818173509166,-0.114937312311733,-0.431500003388127,,-0.041805231971557,-1.02338278719645,-0.172925673163649,-0.336045810011182,-0.103506259280112,-0.62095939170234,-0.873168125940566,-0.229641847885491,-0.0902575874671181
18,Y,,,-0.190396179919085,-0.100176326786334,-0.148917325436984,-0.700176353984458,-0.282482167405966,-0.318947255980216,-0.133013528642197,-0.317421220691677,-0.237927229588553,-0.707261440815259,,-0.569730524281834,-0.900854007988405,0.0372138945860962,-0.0122229839970293,-0.668834656910237,-0.650380558174188,-0.528900014272032,-0.270127848323089,-0.762592324415187,-0.803606507522659,-0.278239750099323,-0.0020445148438619,-0.514262081881171,-0.196968814886937,-0.043201892399411,-0.105713962868702,-0.491799567717181,-0.322488402735189,-0.172439047267207,-0.257009041427071,0.0146713052242428,-0.204795013845824,-0.0534269169001735,-0.126317399489145,-0.260534506380749,-0.31653715914366,-0.697992075086552,-0.0247679349769006,-0.100463009716262,-0.0048721396399031,-0.640876896533005,-0.190599063223342,,-0.637473112556252,,-0.0772813869516285,-0.117387593764109,,-0.430528368781002,-0.373205308349035,-0.273421516651372,-0.274039967689952,0.0254535237272754,0.0093728166116263,-0.165024495592319,-0.853347515039653,-0.0596241687495212,-0.203206741408394,-0.132801824324712,-0.220807113080806,-0.743755491716277,-0.0329312926636345,,-0.205452179331351,-0.0371496972120439,-0.265050375097477,-0.0580393267061248,-0.0271795019823285,-0.459705242192049,-0.961593731076438,-0.287046551695451,0.0095722695218497,-0.570909893750491,-0.463318966283641,-0.208344001501444,
